{
    "L" :
    {
        "b":[
            [[20.0,30.0] , [0.0,0.8] , 0.798141241074],
            [[30.0,60.0] , [0.0,0.8] , 0.858757793903],
            [[60.0,90.0] , [0.0,0.8] , 0.883072435856],
            [[90.0,120.0] , [0.0,0.8] , 0.893463015556],
            [[120.0,180.0] , [0.0,0.8] , 0.892538964748],
            [[180.0,240.0] , [0.0,0.8] , 0.889205157757],
            [[240.0,300.0] , [0.0,0.8] , 0.885877728462],
            [[20.0,30.0] , [0.8,1.6] , 0.784977972507],
            [[30.0,60.0] , [0.8,1.6] , 0.84691876173],
            [[60.0,90.0] , [0.8,1.6] , 0.869861423969],
            [[90.0,120.0] , [0.8,1.6] , 0.876360595226],
            [[120.0,180.0] , [0.8,1.6] , 0.875910699368],
            [[180.0,240.0] , [0.8,1.6] , 0.872482120991],
            [[240.0,300.0] , [0.8,1.6] , 0.866327464581],
            [[20.0,30.0] , [1.6,2.4] , 0.745183885098],
            [[30.0,60.0] , [1.6,2.4] , 0.807602643967],
            [[60.0,90.0] , [1.6,2.4] , 0.827971935272],
            [[90.0,120.0] , [1.6,2.4] , 0.83155798912],
            [[120.0,180.0] , [1.6,2.4] , 0.833006858826],
            [[180.0,240.0] , [1.6,2.4] , 0.831145942211],
            [[240.0,300.0] , [1.6,2.4] , 0.817264735699]
            ],
        "c":[
            [[20.0,30.0] , [0.0,0.8] , 0.366724401712],
            [[30.0,60.0] , [0.0,0.8] , 0.34095954895],
            [[60.0,90.0] , [0.0,0.8] , 0.347513794899],
            [[90.0,120.0] , [0.0,0.8] , 0.342460513115],
            [[120.0,180.0] , [0.0,0.8] , 0.369574010372],
            [[180.0,240.0] , [0.0,0.8] , 0.375477135181],
            [[240.0,300.0] , [0.0,0.8] , 0.364681333303],
            [[20.0,30.0] , [0.8,1.6] , 0.362325459719],
            [[30.0,60.0] , [0.8,1.6] , 0.352824389935],
            [[60.0,90.0] , [0.8,1.6] , 0.331687539816],
            [[90.0,120.0] , [0.8,1.6] , 0.363662540913],
            [[120.0,180.0] , [0.8,1.6] , 0.379718273878],
            [[180.0,240.0] , [0.8,1.6] , 0.400934398174],
            [[240.0,300.0] , [0.8,1.6] , 0.420027762651],
            [[20.0,30.0] , [1.6,2.4] , 0.381568789482],
            [[30.0,60.0] , [1.6,2.4] , 0.370726495981],
            [[60.0,90.0] , [1.6,2.4] , 0.365801274776],
            [[90.0,120.0] , [1.6,2.4] , 0.373447537422],
            [[120.0,180.0] , [1.6,2.4] , 0.364851146936],
            [[180.0,240.0] , [1.6,2.4] , 0.410122156143],
            [[240.0,300.0] , [1.6,2.4] , 0.425004929304]
            ],

        "l":[
            [[20.0,30.0] , [0.0,0.8] , 0.101991064847],
            [[30.0,60.0] , [0.0,0.8] , 0.0794146135449],
            [[60.0,90.0] , [0.0,0.8] , 0.0658789798617],
            [[90.0,120.0] , [0.0,0.8] , 0.0664927512407],
            [[120.0,180.0] , [0.0,0.8] , 0.0755995735526],
            [[180.0,240.0] , [0.0,0.8] , 0.0865568444133],
            [[240.0,300.0] , [0.0,0.8] , 0.102398619056],
            [[20.0,30.0] , [0.8,1.6] , 0.129394158721],
            [[30.0,60.0] , [0.8,1.6] , 0.105084910989],
            [[60.0,90.0] , [0.8,1.6] , 0.0870731025934],
            [[90.0,120.0] , [0.8,1.6] , 0.0936922580004],
            [[120.0,180.0] , [0.8,1.6] , 0.0991293415427],
            [[180.0,240.0] , [0.8,1.6] , 0.12148925662],
            [[240.0,300.0] , [0.8,1.6] , 0.136516153812],
            [[20.0,30.0] , [1.6,2.4] , 0.182846069336],
            [[30.0,60.0] , [1.6,2.4] , 0.160803854465],
            [[60.0,90.0] , [1.6,2.4] , 0.143369600177],
            [[90.0,120.0] , [1.6,2.4] , 0.142561286688],
            [[120.0,180.0] , [1.6,2.4] , 0.160820767283],
            [[180.0,240.0] , [1.6,2.4] , 0.18340934813],
            [[240.0,300.0] , [1.6,2.4] , 0.206587091088]
            ]

    },

    "M": {
        "b":  [
            [[20.0,30.0] , [0.0,0.8] , 0.621978282928],
            [[30.0,60.0] , [0.0,0.8] , 0.716703355312],
            [[60.0,90.0] , [0.0,0.8] , 0.749967098236],
            [[90.0,120.0] , [0.0,0.8] , 0.759567677975],
            [[120.0,180.0] , [0.0,0.8] , 0.753184556961],
            [[180.0,240.0] , [0.0,0.8] , 0.736759364605],
            [[240.0,300.0] , [0.0,0.8] , 0.723067700863],
            [[20.0,30.0] , [0.8,1.6] , 0.591890335083],
            [[30.0,60.0] , [0.8,1.6] , 0.68917453289],
            [[60.0,90.0] , [0.8,1.6] , 0.719872236252],
            [[90.0,120.0] , [0.8,1.6] , 0.72444653511],
            [[120.0,180.0] , [0.8,1.6] , 0.71623390913],
            [[180.0,240.0] , [0.8,1.6] , 0.697075307369],
            [[240.0,300.0] , [0.8,1.6] , 0.666907310486],
            [[20.0,30.0] , [1.6,2.4] , 0.496896833181],
            [[30.0,60.0] , [1.6,2.4] , 0.610978901386],
            [[60.0,90.0] , [1.6,2.4] , 0.639868080616],
            [[90.0,120.0] , [1.6,2.4] , 0.6349208951],
            [[120.0,180.0] , [1.6,2.4] , 0.610334515572],
            [[180.0,240.0] , [1.6,2.4] , 0.579520463943],
            [[240.0,300.0] , [1.6,2.4] , 0.509604275227]
            ],
        "c":[
            [[20.0,30.0] , [0.0,0.8] , 0.128759026527],
            [[30.0,60.0] , [0.0,0.8] , 0.111636191607],
            [[60.0,90.0] , [0.0,0.8] , 0.111425347626],
            [[90.0,120.0] , [0.0,0.8] , 0.118339076638],
            [[120.0,180.0] , [0.0,0.8] , 0.113196387887],
            [[180.0,240.0] , [0.0,0.8] , 0.108627945185],
            [[240.0,300.0] , [0.0,0.8] , 0.123423434794],
            [[20.0,30.0] , [0.8,1.6] , 0.111348681152],
            [[30.0,60.0] , [0.8,1.6] , 0.113138772547],
            [[60.0,90.0] , [0.8,1.6] , 0.111069373786],
            [[90.0,120.0] , [0.8,1.6] , 0.112355776131],
            [[120.0,180.0] , [0.8,1.6] , 0.119767166674],
            [[180.0,240.0] , [0.8,1.6] , 0.106781996787],
            [[240.0,300.0] , [0.8,1.6] , 0.110028125346],
            [[20.0,30.0] , [1.6,2.4] , 0.0984446182847],
            [[30.0,60.0] , [1.6,2.4] , 0.106755852699],
            [[60.0,90.0] , [1.6,2.4] , 0.109960496426],
            [[90.0,120.0] , [1.6,2.4] , 0.113902904093],
            [[120.0,180.0] , [1.6,2.4] , 0.0820887312293],
            [[180.0,240.0] , [1.6,2.4] , 0.0873648896813],
            [[240.0,300.0] , [1.6,2.4] , 0.130976736546]
            ],
        "l":[
            [[20.0,30.0] , [0.0,0.8] , 0.0103954588994],
            [[30.0,60.0] , [0.0,0.8] , 0.00781364925206],
            [[60.0,90.0] , [0.0,0.8] , 0.00616466766223],
            [[90.0,120.0] , [0.0,0.8] , 0.00612012855709],
            [[120.0,180.0] , [0.0,0.8] , 0.00787906069309],
            [[180.0,240.0] , [0.0,0.8] , 0.00850055925548],
            [[240.0,300.0] , [0.0,0.8] , 0.0127529418096],
            [[20.0,30.0] , [0.8,1.6] , 0.0132461944595],
            [[30.0,60.0] , [0.8,1.6] , 0.0112565727904],
            [[60.0,90.0] , [0.8,1.6] , 0.00975507777184],
            [[90.0,120.0] , [0.8,1.6] , 0.00991063844413],
            [[120.0,180.0] , [0.8,1.6] , 0.010138195008],
            [[180.0,240.0] , [0.8,1.6] , 0.0139332581311],
            [[240.0,300.0] , [0.8,1.6] , 0.0105892913416],
            [[20.0,30.0] , [1.6,2.4] , 0.0166637022048],
            [[30.0,60.0] , [1.6,2.4] , 0.0158348456025],
            [[60.0,90.0] , [1.6,2.4] , 0.0127099035308],
            [[90.0,120.0] , [1.6,2.4] , 0.0141003727913],
            [[120.0,180.0] , [1.6,2.4] , 0.0130738960579],
            [[180.0,240.0] , [1.6,2.4] , 0.019399350509],
            [[240.0,300.0] , [1.6,2.4] , 0.0217799320817]
            ]
    },